arcadia university,,
arizona state university tempe,,
arizona western college,,
arkansas baptist college,,
arkansas state university,,
arkansas tech university,,
armstrong atlantic state university,,
asbury college,,
asbury theological sem kentuc,,
ashford university,,
ashland community tech college college dr,,
asnuntuck community college,,
assumption college,,
athens state university,,
athens technical college,,
atlanta metropolitan college,,
atlantic cape community college,,
auburn university,,
auburn university at montgomery,,
augsburg college,,
augusta state university,,
augusta tech college augusta,,
augustana college,,
aurora university,,
austin college,,
austin community college northridge,,
austin community college district,,
austin peay state university,,
averett university,,
avila university,,
azusa pacific university,,
bacone college,,
baker college of allen park,,
baker college of auburn hills,,
baker college of cadillac,,
baker college of jackson,,
baker college of muskegon,,
baker college of owosso,,
baker college of port huron,,
baker university school of nursing,,
baltimore international college,,
baptist bible college and graduate school,,
baptist bible college and seminary,,
barber scotia college,,
barclay college,,
bard college at simon's rock,,
barton college,,
baton rouge college,,
baton rouge community college,,
bauder college,,
bay de noc community college,,
bay mills community college,,
bay state college,,
baylor college of medicine,,
beacon university,,
beal college,,
beaufort county community college,,
belmont technical college,,
bennett college for women,,
berkeley college westchester,,
berks technical institute,,
bethany college,,
bethany college,,
bethany lutheran college,,
bethany university,,
bethel college,,
bethel seminary st. paul,,
bethesda christian university,,
big bend community college,,
big sandy cmty tech clg mayo,,
blackburn college,,
blackfeet community college,,
bladen community college,,
blue mountain college,,
blue mountain community college,,
blue ridge community college,,
bluefield college,,
bluffton university,,
boston architectural college,,
bowling green state university firelands,,
bradford school,,
brazosport college,,
brevard college,,
briarwood college,,
bridgerland applied technology college,,
brigham young university hawaii,,
brigham young university idaho,,
brown college of court reporting and medical transcription,,
bryan college,,
bryan college,,
bryan college,,
bryant and stratton college albany,,
bryant and stratton college amherst campus,,
bryant and stratton college buffalo,,
bryant and stratton college cleveland,,
bryant and stratton college greece,,
bryant and stratton college henrietta,,
bryant and stratton college main syracuse,,
bryant and stratton college milwaukee,,
bryant and stratton college parma,,
bryant and stratton college southtowns,,
