Clayton State University,,Spring Start,Spring End,Fall Start,Fall End
Clemson University,,,,,
Clermont College,,,,,
Cleveland State University,,,,,
Cloud County Community College,,,,,
Clovis Community College,,,,,
Coastal Georgia Community College,,,,,
Coastline Community College,,,,,
Cochise College,,,,,
Coe College,,,,,
Coker College,,,,,
Colby College,,,,,
Colgate University,,,,,
College Of Alameda,,,,,
College Of Charleston,,,,,
College Of Lake County,,,,,
College Of Marin - Kentfield,,,,,
College Of Mount Saint Joseph,,,,,
College Of Mt St Vincent,,,,,
College Of Notre Dame Of Md,,,,,
College Of S Nevada - Cheyenne,,,,,
College Of Saint Benedict,,,,,
College Of Saint Elizabeth,,,,,
College Of Saint Rose,,,,,
College Of San Mateo,,,,,
College Of South Maryland-La Plata,,,,,
College Of Southern Idaho,,,,,
College Of St Scholastica,,,,,
College Of The Canyons,,,,,
College Of The Desert,,,,,
College Of The Holy Cross,,,,,
College Of The Ozarks,,,,,
College Of The Redwoods,,,,,
College Of The Sequoias,,,,,
College Of The Siskiyous-Weed,,,,,
College Of William & Mary,,,,,
College Of Wooster,,,,,
Collin Co Community College - Spring Creek,,,,,
Collin Co Community College District,,,,,
Colorado Christian University,,,,,
Colorado Mt College-Glenwood Spr,,,,,
Colorado School Of Mines,,,,,
Colorado State University - Pueblo,,,,,
Colorado State University-Ft Collins,,,,,
Colorado Tech University-Co Springs,,,,,
Columbia Basin College,,,,,
Columbia College,,,,,
,,,,,
,,,,,
,,,,,
Columbia State Community College,,,,,
Columbia University,,,,,
Columbus State Community College,,,,,
Columbus State University,,,,,
Columbus Technical College,,,,,
Community College Of Allegheny-Alleghen,,,,,
Community College Of Aurora,,,,,
Community College Of Baltimore County,,,,,
Community College Of Denver-Auraria,,,,,
Community College Of Philadelphia,,,,,
Community College Of Rhode Island-Knigh,,,,,
Concordia College,,,,,
Concordia College-Moorhead,,,,,
Concordia University,,,,,
Concordia University System,,,,,
Connecticut College,,,,,
Contra Costa College,,,,,
Converse College,,,,,
Coppin State University,,,,,
Cornell University,,,,,
Cornerstone University,,,,,
Corning Community College,,,,,
Cossatot Community College-The University Ar,,,,,
Cosumnes River College,,,,,
Cowley College,,,,,
Crafton Hills College,,,,,
Creighton University,,,,,
Cuesta College-Sn Luis Obispo,,,,,
Cumberland University,,,,,
Curry College,,,,,
Cuyahoga Community College - Metro,,,,,
Cuyamaca College,,,,,
Cypress College,,,,,
D'Youville College,,,,,
Dakota Wesleyan University,,,,,
Dallas Christian College,,,,,
Dallas Co Cmty Clg Dist Sys,,,,,
Dana College,,,,,
Daniel Webster College,,,,,
Davis College,,,,,
Davis College,,,,,
Delaware State University,,,,,
Delaware Technical And Community College-Owens,,,,,
Delaware Technical And Community College-Stanton-Wilmington,,,,,
Devry University-Arizona,,,,,
Devry University-California,,,,,
Devry University-Columbus,,,,,
Devry University-Georgia,,,,,
Devry University-Henderson Ctr,,,,,
Devry University-Irving,,,,,
Devry University-Maryland,,,,,
Devry University-Miramar,,,,,
Devry University-Missouri,,,,,
Devry University-N Brunswick,,,,,
Devry University-North Carolina,,,,,
Devry University-Portland,,,,,
Devry University-Seattle,,,,,
Devry University-St Louis Park,,,,,
Devry University-Wisconsin,,,,,
Dillard University,,,,,
Dine College-Tsaile,,,,,
Doane College-Crete,,,,,
Dodge City Community College,,,,,
Dominican School Of Philosophy And Theology,,,,,
Dominican University Of Ca-San Rafae,,,,,
Donnelly College,,,,,
Dunwoody College Of Technology,,,,,
Dyersburg State Community College,,,,,
Daemen College,,,,,
Dakota County Technical College,,,,,
Dakota State University,,,,,
Dallas Baptist University,,,,,
Dalton State College,,,,,
Danville Area Community College,,,,,
Dartmouth College,,,,,
Darton College,,,,,
Davenport University-Lettinga,,,,,
Davidson College,,,,,
De Anza College,,,,,
Dean College,,,,,
Defiance College,,,,,
Dekalb Tech College-Clarkston,,,,,
Del Mar College,,,,,
Delaware County Community College,,,,,
Delaware Tech & Community College-Terry,,,,,
Delaware Valley College,,,,,
Delgado Community College,,,,,
Delta College,,,,,
Delta State University,,,,,
Denison University,,,,,
Denmark Technical College,,,,,
Depaul University - Lincoln Park,,,,,
Depaul University-Chicago Loop,,,,,
Depauw University,,,,,
Des Moines Area Community College,,,,,
Desales University,,,,,
Diablo Valley College,,,,,
Dickinson College,,,,,
Dickinson State University,,,,,
Digipen Institute Of Technology,,,,,
Dixie State College Of Utah,,,,,
Dominican College,,,,,
Dominican University,,,,,
Dordt College,,,,,
Dowling College,,,,,
Drake University,,,,,
Drexel University,,,,,
Drury University,,,,,
Duke University,,,,,
Duquesne University,,,,,
Dutchess Community College,,,,,
East Central Community College,,,,,
East Central Technical College,,,,,
East Mississippi Community College,,,,,
Eastern Idaho Technical College,,,,,
Eastern Maine Community College,,,,,
Eastern Mennonite University,,,,,
Eastern Nazarene College,,,,,
Eastern New Mexico University-Roswell Campus,,,,,
Eastern New Mexico University-Ruidoso,,,,,
Eastern West Virginia Community And Technical College,,,,,
Eastern Wyoming College,,,,,
Ecpi Technical Clg-Richmond,,,,,
Edgecombe Community College,,,,,
Edward Waters College,,,,,
El Paso Cmty Clg-Miss Del Paso,,,,,
Eldon Career Center,,,,,
Ellsworth Community College,,,,,
Embry Riddle Aeronautical University-Prescott,,,,,
Emily Griffith Opportunity School,,,,,
Emmanuel College,,,,,
Erskine College And Seminary,,,,,
Eti Technical College,,,,,
Eugene Bible College,,,,,
Everest College-Alhambra,,,,,
Everest College-Arlington,,,,,
Everest College-Aurora,,,,,
Everest College-City Of Industry,,,,,
Everest College-Gardena,,,,,
Everest College-Hayward,,,,,
Everest College-Merrillville,,,,,
Everest College-Phoenix,,,,,
Everest College-Renton,,,,,
Everest College-Salt Lake,,,,,
Everest College-San Jose,,,,,
Everest College-Springfield,,,,,
Everest College-Vancouver,,,,,
Everest College-West Los Angeles,,,,,
Everest Institute-Atlanta Downtown,,,,,
Everest Institute-Chesapeake,,,,,
Everest Institute-Grand Rapids,,,,,
Everest Institute-San Antonio,,,,,
East Arkansas Community College,,,,,
East Carolina University,,,,,
East Central College,,,,,
East Central University,,,,,
East Georgia College,,,,,
East Los Angeles College,,,,,
East Stroudsburg University,,,,,
East Tennessee State University,,,,,
East Texas Baptist University,,,,,
Eastern Arizona College,,,,,
Eastern Connecticut State University,,,,,
Eastern Illinois University,,,,,
Eastern Iowa Community College Dist Off,,,,,
Eastern Kentucky University,,,,,
Eastern Michigan University,,,,,
Eastern New Mexico University,,,,,
Eastern Oklahoma State College,,,,,
Eastern Oregon University,,,,,
Eastern University,,,,,
Eastern Washington University,,,,,
Eastfield College,,,,,
Eckerd College,,,,,
Edgewood College,,,,,
Edinboro University Of Pennsylvania,,,,,
Edison College-Lee County,,,,,
Edison Community College,,,,,
Edmonds Community College,,,,,
El Camino College,,,,,
El Camino College - Compton Center,,,,,
El Centro College,,,,,
El Paso Community College - Transmtn,,,,,
El Paso Community College-Valle Verde,,,,,
Elizabeth City State University,,,,,
Elizabethtown College,,,,,
Elizabethtown Community/Tech College,,,,,
Elmhurst College,,,,,
Elmira College,,,,,
Elms College,,,,,
Embry-Riddle Aero University-Daytona,,,,,
Emerson College,,,,,
Emmanuel College,,,,,
Emory University,,,,,
Emory And Henry College,,,,,
Emporia State University,,,,,
Endicott College,,,,,
Enterprise-Ozark Community College,,,,,
Essex County College-Newark,,,,,
Estrella Mountain Community College,,,,,
Eureka College,,,,,
Evangel University,,,,,
Everett Community College,,,,,
Evergreen Valley College,,,,,
Fairleigh Dickinson University-Metropolitan Campus,,,,,
Fairmont State Clg-Clarksburg,,,,,
Feather River Community College District,,,,,
Fine Mortuary College Llc,,,,,
First Coast Technical Institute,,,,,
Fisk University,,,,,
Fl Metropolitan Univ-Tampa,,,,,
Flathead Valley Community College,,,,,
Flint Hills Technical College,,,,,
Florence-Darlington Technical College,,,,,
Florida Career Clg-Miami,,,,,
Florida Christian College Inc,,,,,
Florida College,,,,,
Florida Keys Community College,,,,,
Florida National College-South,,,,,
Florida Tech College-Orlando,,,,,
Florida Technical College Of Jacksonville Inc,,,,,
Fort Berthold Community College,,,,,
Fort Peck Community College,,,,,
Frank Phillips College,,,,,
Free Will Baptist Bible College,,,,,
Fulton-Montgomery Community College,,,,,
Fairfield University,,,,,
Farmingdale State College,,,,,
Fashion Institute Of Technology,,,,,
Faulkner State Community College-Bay M,,,,,
Faulkner University,,,,,
Fayetteville State University,,,,,
Fayetteville Tech Community College,,,,,
Felician College,,,,,
Ferris State University,,,,,
Ferrum College,,,,,
Fisher College,,,,,
Fitchburg State University,,,,,
Flagler College,,,,,
Florida Agricultural And Mechanical University,,,,,
"Florida Atlantic University, Boca Raton",,,,,
Florida Community College - Martin Ctr,,,,,
Florida Gulf Coast University,,,,,
Florida Hospital College Health Sci,,,,,
Florida Institute Of Tech,,,,,
Florida International University-Miami,,,,,
Florida Memorial University,,,,,
Florida National College,,,,,
Florida Southern College,,,,,
Florida State University,,,,,
Folsom Lake College,,,,,
Fond Du Lac Tribal & Community College,,,,,
Fontbonne University,,,,,
Foothill College,,,,,
"Fordham University, Rose Hill",,,,,
Forsyth Technical Community College,,,,,
Fort Hays State University,,,,,
Fort Lewis College,,,,,
Fort Valley State University,,,,,
Fox Valley Tech College-Appleton,,,,,
Framingham State College,,,,,
Franciscan University,,,,,
Franklin College,,,,,
Franklin Pierce University,,,,,
Franklin University,,,,,
Franklin And Marshall College,,,,,
Frederick Community College,,,,,
Freed-Hardeman University,,,,,
Fresno City College,,,,,
Fresno Pacific University,,,,,
Friends University,,,,,
Front Range Community College,,,,,
Frostburg State University,,,,,
Ft Scott Community College,,,,,
Fuller Theological Seminary,,,,,
Fullerton College,,,,,
Furman University,,,,,
Gadsden St Cmty Clg-Ayers,,,,,
Gadsden St Cmty Clg-Valley St,,,,,
Galveston College,,,,,
Garrett College,,,,,
Gateway Community And Technical College,,,,,
George C Wallace State Community College-Hanceville,,,,,
George C Wallace State Community College-Selma,,,,,
Georgia Military College-Milledgeville Campus,,,,,
Glen Oaks Community College,,,,,
Globe Institute Of Technology,,,,,
Gogebic Community College,,,,,
Goshen College,,,,,
Grace Bible College,,,,,
Grace University,,,,,
Graceland University,,,,,
Grays Harbor College,,,,,
Grayson County College,,,,,
Great Lakes Christian College,,,,,
Green Mountain College,,,,,
Greensboro College,,,,,
Greenville Technical College,,,,,
Grinnell College,,,,,
Grossmont-Cuyamaca Clg Dist,,,,,
Gwynedd Mercy College,,,,,
Gainesville College,,,,,
Gallaudet University,,,,,
Gannon University,,,,,
Garden City Community College,,,,,
Gardner-Webb University,,,,,
Gaston College,,,,,
Gateway Community College,,,,,
Gateway Community College-Longwharf,,,,,
Gateway Technical College,,,,,
Gavilan College,,,,,
Genesee Community College,,,,,
Geneva College,,,,,
George Fox University,,,,,
George Mason University,,,,,
George Washington University,,,,,
Georgetown College,,,,,
Georgetown University,,,,,
Georgia College And State University,,,,,
Georgia Gwinnett College,,,,,
Georgia Highlands College,,,,,
Georgia Institute Of Technology,,,,,
Georgia Perimeter College,,,,,
Georgia Southern University,,,,,
Georgia Southwestern State University,,,,,
Georgia State University,,,,,
Georgian Court University,,,,,
Germanna Community College-Locust Grove,,,,,
Gettysburg College,,,,,
Gillette College,,,,,
Glendale Community College,,,,,
Glendale Community College,,,,,
Glenville State College,,,,,
Gloucester County College,,,,,
Golden Gate University,,,,,
Golden West College,,,,,
Goldey Beacom College,,,,,
Gonzaga University,,,,,
Gordon College,,,,,
Gordon College,,,,,
Goucher College,,,,,
Governors State University,,,,,
Graceland University,,,,,
Grambling State University,,,,,
Grand Canyon University,,,,,
Grand Valley St University - Allendale,,,,,
Grand Valley St University - Meijer,,,,,
Grand Valley State University,,,,,
Grand View College,,,,,
Granite State College,,,,,
Great Basin College,,,,,
Greenfield Community College,,,,,
Griffin Technical College,,,,,
Grossmont College,,,,,
Grove City College,,,,,
Guilford College,,,,,
Gulf Coast Community College-Main,,,,,
Gustavus Adolphus College,,,,,
Gwinnett Technical College,,,,,
Halifax Community College,,,,,
Hallmark College Of Technology/Hallmark College Of Aeronautics,,,,,
Hampshire College,,,,,
Hannibal-Lagrange College,,,,,
Hanover College,,,,,
Harcum College,,,,,
Harrisburg Area Community College-Lebanon,,,,,
Harvey Mudd College,,,,,
Haskell Indian Nations University,,,,,
Haywood Community College,,,,,
Hazard Cmty/Tech College,,,,,
Hcc North East-No Line Mall Ct,,,,,
Heald College-Concord,,,,,
Heald College-Fresno,,,,,
Heald College-Hayward,,,,,
Heald College-Honolulu,,,,,
Heald College-Portland,,,,,
Heald College-Roseville,,,,,
Heald College-Salinas,,,,,
Heald College-San Francisco,,,,,
Heald College-San Jose,,,,,
Heald College-Stockton,,,,,
Hellenic College-Holy Cross Greek Orthodox School Of Theology,,,,,
Heritage Bible College,,,,,
Herzing Clg-Lakeland Med-Dent,,,,,
Hesston College,,,,,
Hibbing Community College-A Technical And Community College,,,,,
High-Tech Institute-Las Vegas,,,,,
Hill College-Hillsboro,,,,,
Hillsdale Free Will Baptist College,,,,,
Hiwassee College,,,,,
Hobe Sound Bible College,,,,,
Hocking College-Nelsonville,,,,,
Hollins University,,,,,
Holmes Community College,,,,,
Holy Names University,,,,,
Hope International University,,,,,
Howard College-Big Spring,,,,,
Humphreys College-Stockton,,,,,
Hutchinson Community College,,,,,
Hagerstown Community College,,,,,
Hamilton College,,,,,
Hamline University,,,,,
Hampden-Sydney College,,,,,
Hampton University,,,,,
Hardin-Simmons University,,,,,
Harding University,,,,,
Harford Community College,,,,,
Harris-Stowe State University,,,,,
Harry South Truman College,,,,,
Hartnell College,,,,,
Harvard University,,,,,
Hastings College,,,,,
Haverford College,,,,,
Hawaii Community College-Hilo,,,,,
Hawaii Pacific University,,,,,
Hawkeye Community College,,,,,
Heidelberg College-Tiffin,,,,,
Henderson Community College,,,,,
Henderson State University,,,,,
Hendrix College,,,,,
Hennepin Tech College-Brooklyn,,,,,
Henry Ford Community College,,,,,
Herbert H Lehman College,,,,,
Herkimer County Community College,,,,,
High Point University,,,,,
Highland Community College,,,,,
Highland Community College,,,,,
Highline Community College,,,,,
Hilbert College,,,,,
Hillsborough Community College Dist Off,,,,,
Hinds Community College-Raymond,,,,,
Hiram College,,,,,
Hobart & William Smith Clgs,,,,,
Hofstra University,,,,,
Holy Family University,,,,,
Holyoke Community College,,,,,
Honolulu Community College,,,,,
Hood College,,,,,
Hope College,,,,,
Hopkinsville Community College,,,,,
Houghton College,,,,,
Housatonic Community College,,,,,
Houston Baptist University,,,,,
Houston Community College System,,,,,
Howard Community College,,,,,
Howard Payne University,,,,,
Howard University,,,,,
Hudson County Community College - Jersey,,,,,
Hudson Valley Community College,,,,,
Humboldt State University,,,,,
Huntingdon College,,,,,