clayton state university,,
clemson university,,
clermont college,,
cleveland state university,,
cloud county community college,,
clovis community college,,
coastal georgia community college,,
coastline community college,,
cochise college,,
coe college,,
coker college,,
colby college,,
colgate university,,
college of alameda,,
college of charleston,,
college of lake county,,
college of marin kentfield,,
college of mount saint joseph,,
college of mt st vincent,,
college of notre dame of md,,
college of s nevada cheyenne,,
college of saint benedict,,
college of saint elizabeth,,
college of saint rose,,
college of san mateo,,
college of south maryland la plata,,
college of southern idaho,,
college of st scholastica,,
college of the canyons,,
college of the desert,,
college of the holy cross,,
college of the ozarks,,
college of the redwoods,,
college of the sequoias,,
college of the siskiyous weed,,
college of william & mary,,
college of wooster,,
collin co community college spring creek,,
collin co community college district,,
colorado christian university,,
colorado mt college glenwood spr,,
colorado school of mines,,
colorado state university pueblo,,
colorado state university ft collins,,
colorado tech university co springs,,
columbia basin college,,
columbia college,,
columbia college,,
columbia college,,
columbia college,,
columbia state community college,,
columbia university,,
columbus state community college,,
columbus state university,,
columbus technical college,,
community college of allegheny alleghen,,
community college of aurora,,
community college of baltimore county,,
community college of denver auraria,,
community college of philadelphia,,
community college of rhode island knigh,,
concordia college,,
concordia college moorhead,,
concordia university,,
concordia university system,,
connecticut college,,
contra costa college,,
converse college,,
coppin state university,,
cornell university,,
cornerstone university,,
corning community college,,
cossatot community college the university ar,,
cosumnes river college,,
cowley college,,
crafton hills college,,
creighton university,,
cuesta college sn luis obispo,,
cumberland university,,
curry college,,
cuyahoga community college metro,,
cuyamaca college,,
cypress college,,
d'youville college,,
dakota wesleyan university,,
dallas christian college,,
dallas co cmty clg dist sys,,
dana college,,
daniel webster college,,
davis college,,
davis college,,
delaware state university,,
delaware technical and community college owens,,
delaware technical and community college stanton wilmington,,
devry university arizona,,
devry university california,,
devry university columbus,,
devry university georgia,,
devry university henderson ctr,,
devry university irving,,
devry university maryland,,
